{
    "w": -1103.5467842120977,
    "b": 6317.675146034322,
    "mu": 101066.25,
    "sigma": 51565.1899106445
}