{
    "w": -1106.0130894480271,
    "b": 6331.794452541757,
    "mu": 101066.25,
    "sigma": 51565.1899106445
}